{"cameraMode":{"drawMode":0,"name":"Shaded","section":"Shading Mode"},"sceneLighting":true,"audioPlay":false,"sceneViewState":{"m_AlwaysRefresh":false,"showFog":true,"showSkybox":true,"showFlares":true,"showImageEffects":true,"showParticleSystems":true,"showVisualEffectGraphs":true,"m_FxEnabled":true},"in2DMode":false,"pivot":{"x":0.03316853195428848,"y":1.4800658226013184,"z":0.5043871402740479},"rotation":{"x":0.04079696163535118,"y":0.010803373530507088,"z":-0.0004685198946390301,"w":0.9991298913955689},"size":2.106090545654297,"orthographic":false}